Gold,Predicted
"“	O
","“/O Good/O grief/O .../O (/O やれやれだぜ/O ,/O Yare/PERSON Yare/PERSON Daze/PERSON )/O ”/O —/O Jotaro/PERSON Kujo/PERSON Jotaro/PERSON Kujo/PERSON (/O 空条/O 承太郎/O ,/O Kūjō/O Jōtarō/O )/O is/O the/O protagonist/O of/O Part/O 3/O and/O also/O appears/O in/O Parts/O 4/O -/O 6/O ./O 
"
"Good	O
","Jotaro/PERSON is/O the/O third/O and/O most/O recurring/O JoJo/PERSON of/PERSON the/PERSON JoJo/PERSON 's/O Bizarre/O Adventure/O series/O ./O 
"
"grief	O
","Jotaro/PERSON is/O a/O delinquent/O who/O lives/O an/O ordinary/O life/O until/O the/O Joestar/O Family/O 's/O old/O enemy/O ,/O DIO/O ,/O returns/O ./O 
"
"...	O
","Jotaro/PERSON travels/O to/O Egypt/LOCATION in/O order/O to/O save/O his/O mother/O and/O stop/O the/O Vampire/O once/O and/O for/O all/O ./O 
"
"(	O
","Wielding/O the/O incredibly/O powerful/O Star/ORGANIZATION Platinum/ORGANIZATION ,/O Jotaro/PERSON is/O the/O first/O JoJo/O introduced/O with/O a/O Stand/O and/O is/O among/O the/O most/O well/O -/O known/O characters/O of/O the/O series/O ./O 
"
"やれやれだぜ	O
","Quick/O Answers/O What/O is/O the/O significance/O of/O Jotaro/PERSON Kujo/PERSON 's/O pose/O ?/O 
"
",	O
","The/O significance/O of/O Jotaro/PERSON Kujo/PERSON 's/O pose/O lies/O in/O its/O iconic/O status/O ./O 
"
"Yare	PERSON
","It/O is/O often/O mirrored/O by/O his/O Stand/O ,/O Star/ORGANIZATION Platinum/ORGANIZATION ,/O creating/O a/O compelling/O visual/O ./O 
"
"Yare	PERSON
","This/O pose/O is/O a/O cultural/O touchstone/O in/O JoJo/O 's/O Bizarre/O Adventure/O ,/O symbolizing/O power/O and/O preparedness/O ./O 
"
"Daze	PERSON
","Provided/O by/O :/O Fandom/O How/O does/O the/O relationship/O between/O Jotaro/PERSON Kujo/PERSON and/O Star/O Platinum/O evolve/O throughout/O the/O series/O ?/O 
"
")	O
","Jotaro/PERSON Kujo/PERSON 's/O relationship/O with/O his/O Stand/O ,/O Star/ORGANIZATION Platinum/ORGANIZATION ,/O is/O characterized/O by/O mutual/O trust/O and/O respect/O ./O 
"
"”	O
","Star/O Platinum/O ,/O renowned/O for/O its/O superhuman/O abilities/O ,/O is/O often/O perceived/O as/O invincible/O ,/O particularly/O during/O confrontations/O with/O adversaries/O like/O Akira/PERSON Otoishi/PERSON and/O Yoshihiro/PERSON Kira/PERSON ./O 
"
"—	O
","As/O Jotaro/PERSON 's/O power/O and/O experience/O grow/O throughout/O the/O series/O ,/O this/O dynamic/O exerts/O pressure/O on/O others/O ,/O notably/O Josuke/PERSON Higashikata/PERSON ./O 
"
"Jotaro	PERSON
","Provided/O by/O :/O Fandom/O What/O are/O the/O unique/O features/O of/O Jotaro/PERSON 's/O face/O ?/O 
"
"Kujo	PERSON
","Jotaro/PERSON Kujo/PERSON ,/O a/O tall/O and/O well/O -/O built/O individual/O ,/O possesses/O dark/O hair/O that/O seamlessly/O merges/O with/O his/O hat/O ./O 
"
"Jotaro	PERSON
","His/O face/O is/O characterized/O by/O a/O strong/O jawline/O ,/O prominent/O eyebrows/O ,/O and/O green/O eyes/O ./O 
"
"Kujo	PERSON
","A/O distinctive/O trait/O of/O Jotaro/PERSON 's/O face/O is/O his/O large/O ,/O twisting/O bang/O that/O hangs/O to/O the/O side/O ,/O changing/O sides/O based/O on/O his/O orientation/O ./O 
"
"(	O
","He/O also/O exhibits/O a/O familial/O resemblance/O to/O his/O ancestors/O ,/O Jonathan/PERSON Joestar/PERSON and/O Joseph/PERSON Joestar/PERSON ./O 
"
"空条	O
","Provided/O by/O :/O Fandom/O What/O are/O the/O powers/O of/O Jotaro/PERSON 's/O Stand/O ,/O Star/ORGANIZATION Platinum/ORGANIZATION ?/O 
"
"承太郎	O
","Jotaro/PERSON Kujo/PERSON 's/O Stand/O ,/O Star/ORGANIZATION Platinum/ORGANIZATION ,/O is/O a/O close/O -/O range/O Stand/O with/O a/O 2/O -/O meter/O radius/O from/O Jotaro/PERSON ./O 
"
",	O
","It/O has/O immense/O strength/O ,/O speed/O ,/O and/O precision/O ,/O capable/O of/O bending/O steel/O and/O destroying/O large/O artificial/O diamonds/O swiftly/O ./O 
"
"Kūjō	O
","Its/O power/O is/O amplified/O by/O Jotaro/PERSON 's/O strategic/O combat/O skills/O ./O 
"
"Jōtarō	O
","Despite/O its/O limited/O range/O ,/O it/O 's/O among/O the/O most/O potent/O Stands/O ./O 
"
")	O
","Star/O Platinum/O can/O also/O stop/O time/O ,/O a/O formidable/O ability/O discovered/O by/O Jotaro/PERSON ./O 
"
"is	O
","Provided/O by/O :/O Fandom/O {/O ""/O @context/O ""/O :/O ""/O https/O :\/O //O \/O //O schema.org/O ""/O ,/O ""/O @type/O ""/O :/O ""/O FAQPage/O ""/O ,/O ""/O name/O ""/O :/O ""/O Jotaro/PERSON Kujo/PERSON ""/O ,/O ""/O mainEntity/O ""/O :/O }/O 
"
"the	O
",
"protagonist	O
",
"of	O
",
"Part	O
",
"3	O
",
"and	O
",
"also	O
",
"appears	O
",
"in	O
",
"Parts	O
",
"4	O
",
"-	O
",
"6	O
",
".	O
",
"
",
"Jotaro	PERSON
",
"is	O
",
"the	O
",
"third	O
",
"and	O
",
"most	O
",
"recurring	O
",
"JoJo	PERSON
",
"of	PERSON
",
"the	PERSON
",
"JoJo	PERSON
",
"'s	O
",
"Bizarre	O
",
"Adventure	O
",
"series	O
",
".	O
",
"
",
"Jotaro	PERSON
",
"is	O
",
"a	O
",
"delinquent	O
",
"who	O
",
"lives	O
",
"an	O
",
"ordinary	O
",
"life	O
",
"until	O
",
"the	O
",
"Joestar	O
",
"Family	O
",
"'s	O
",
"old	O
",
"enemy	O
",
",	O
",
"DIO	O
",
",	O
",
"returns	O
",
".	O
",
"
",
"Jotaro	PERSON
",
"travels	O
",
"to	O
",
"Egypt	LOCATION
",
"in	O
",
"order	O
",
"to	O
",
"save	O
",
"his	O
",
"mother	O
",
"and	O
",
"stop	O
",
"the	O
",
"Vampire	O
",
"once	O
",
"and	O
",
"for	O
",
"all	O
",
".	O
",
"
",
"Wielding	O
",
"the	O
",
"incredibly	O
",
"powerful	O
",
"Star	ORGANIZATION
",
"Platinum	ORGANIZATION
",
",	O
",
"Jotaro	PERSON
",
"is	O
",
"the	O
",
"first	O
",
"JoJo	O
",
"introduced	O
",
"with	O
",
"a	O
",
"Stand	O
",
"and	O
",
"is	O
",
"among	O
",
"the	O
",
"most	O
",
"well	O
",
"-	O
",
"known	O
",
"characters	O
",
"of	O
",
"the	O
",
"series	O
",
".	O
",
"
",
"Quick	O
",
"Answers	O
",
"What	O
",
"is	O
",
"the	O
",
"significance	O
",
"of	O
",
"Jotaro	PERSON
",
"Kujo	PERSON
",
"'s	O
",
"pose	O
",
"?	O
",
"
",
"The	O
",
"significance	O
",
"of	O
",
"Jotaro	PERSON
",
"Kujo	PERSON
",
"'s	O
",
"pose	O
",
"lies	O
",
"in	O
",
"its	O
",
"iconic	O
",
"status	O
",
".	O
",
"
",
"It	O
",
"is	O
",
"often	O
",
"mirrored	O
",
"by	O
",
"his	O
",
"Stand	O
",
",	O
",
"Star	ORGANIZATION
",
"Platinum	ORGANIZATION
",
",	O
",
"creating	O
",
"a	O
",
"compelling	O
",
"visual	O
",
".	O
",
"
",
"This	O
",
"pose	O
",
"is	O
",
"a	O
",
"cultural	O
",
"touchstone	O
",
"in	O
",
"JoJo	O
",
"'s	O
",
"Bizarre	O
",
"Adventure	O
",
",	O
",
"symbolizing	O
",
"power	O
",
"and	O
",
"preparedness	O
",
".	O
",
"
",
"Provided	O
",
"by	O
",
":	O
",
"Fandom	O
",
"How	O
",
"does	O
",
"the	O
",
"relationship	O
",
"between	O
",
"Jotaro	PERSON
",
"Kujo	PERSON
",
"and	O
",
"Star	O
",
"Platinum	O
",
"evolve	O
",
"throughout	O
",
"the	O
",
"series	O
",
"?	O
",
"
",
"Jotaro	PERSON
",
"Kujo	PERSON
",
"'s	O
",
"relationship	O
",
"with	O
",
"his	O
",
"Stand	O
",
",	O
",
"Star	ORGANIZATION
",
"Platinum	ORGANIZATION
",
",	O
",
"is	O
",
"characterized	O
",
"by	O
",
"mutual	O
",
"trust	O
",
"and	O
",
"respect	O
",
".	O
",
"
",
"Star	O
",
"Platinum	O
",
",	O
",
"renowned	O
",
"for	O
",
"its	O
",
"superhuman	O
",
"abilities	O
",
",	O
",
"is	O
",
"often	O
",
"perceived	O
",
"as	O
",
"invincible	O
",
",	O
",
"particularly	O
",
"during	O
",
"confrontations	O
",
"with	O
",
"adversaries	O
",
"like	O
",
"Akira	PERSON
",
"Otoishi	PERSON
",
"and	O
",
"Yoshihiro	PERSON
",
"Kira	PERSON
",
".	O
",
"
",
"As	O
",
"Jotaro	PERSON
",
"'s	O
",
"power	O
",
"and	O
",
"experience	O
",
"grow	O
",
"throughout	O
",
"the	O
",
"series	O
",
",	O
",
"this	O
",
"dynamic	O
",
"exerts	O
",
"pressure	O
",
"on	O
",
"others	O
",
",	O
",
"notably	O
",
"Josuke	PERSON
",
"Higashikata	PERSON
",
".	O
",
"
",
"Provided	O
",
"by	O
",
":	O
",
"Fandom	O
",
"What	O
",
"are	O
",
"the	O
",
"unique	O
",
"features	O
",
"of	O
",
"Jotaro	PERSON
",
"'s	O
",
"face	O
",
"?	O
",
"
",
"Jotaro	PERSON
",
"Kujo	PERSON
",
",	O
",
"a	O
",
"tall	O
",
"and	O
",
"well	O
",
"-	O
",
"built	O
",
"individual	O
",
",	O
",
"possesses	O
",
"dark	O
",
"hair	O
",
"that	O
",
"seamlessly	O
",
"merges	O
",
"with	O
",
"his	O
",
"hat	O
",
".	O
",
"
",
"His	O
",
"face	O
",
"is	O
",
"characterized	O
",
"by	O
",
"a	O
",
"strong	O
",
"jawline	O
",
",	O
",
"prominent	O
",
"eyebrows	O
",
",	O
",
"and	O
",
"green	O
",
"eyes	O
",
".	O
",
"
",
"A	O
",
"distinctive	O
",
"trait	O
",
"of	O
",
"Jotaro	PERSON
",
"'s	O
",
"face	O
",
"is	O
",
"his	O
",
"large	O
",
",	O
",
"twisting	O
",
"bang	O
",
"that	O
",
"hangs	O
",
"to	O
",
"the	O
",
"side	O
",
",	O
",
"changing	O
",
"sides	O
",
"based	O
",
"on	O
",
"his	O
",
"orientation	O
",
".	O
",
"
",
"He	O
",
"also	O
",
"exhibits	O
",
"a	O
",
"familial	O
",
"resemblance	O
",
"to	O
",
"his	O
",
"ancestors	O
",
",	O
",
"Jonathan	PERSON
",
"Joestar	PERSON
",
"and	O
",
"Joseph	PERSON
",
"Joestar	PERSON
",
".	O
",
"
",
"Provided	O
",
"by	O
",
":	O
",
"Fandom	O
",
"What	O
",
"are	O
",
"the	O
",
"powers	O
",
"of	O
",
"Jotaro	PERSON
",
"'s	O
",
"Stand	O
",
",	O
",
"Star	ORGANIZATION
",
"Platinum	ORGANIZATION
",
"?	O
",
"
",
"Jotaro	PERSON
",
"Kujo	PERSON
",
"'s	O
",
"Stand	O
",
",	O
",
"Star	ORGANIZATION
",
"Platinum	ORGANIZATION
",
",	O
",
"is	O
",
"a	O
",
"close	O
",
"-	O
",
"range	O
",
"Stand	O
",
"with	O
",
"a	O
",
"2	O
",
"-	O
",
"meter	O
",
"radius	O
",
"from	O
",
"Jotaro	PERSON
",
".	O
",
"
",
"It	O
",
"has	O
",
"immense	O
",
"strength	O
",
",	O
",
"speed	O
",
",	O
",
"and	O
",
"precision	O
",
",	O
",
"capable	O
",
"of	O
",
"bending	O
",
"steel	O
",
"and	O
",
"destroying	O
",
"large	O
",
"artificial	O
",
"diamonds	O
",
"swiftly	O
",
".	O
",
"
",
"Its	O
",
"power	O
",
"is	O
",
"amplified	O
",
"by	O
",
"Jotaro	PERSON
",
"'s	O
",
"strategic	O
",
"combat	O
",
"skills	O
",
".	O
",
"
",
"Despite	O
",
"its	O
",
"limited	O
",
"range	O
",
",	O
",
"it	O
",
"'s	O
",
"among	O
",
"the	O
",
"most	O
",
"potent	O
",
"Stands	O
",
".	O
",
"
",
"Star	O
",
"Platinum	O
",
"can	O
",
"also	O
",
"stop	O
",
"time	O
",
",	O
",
"a	O
",
"formidable	O
",
"ability	O
",
"discovered	O
",
"by	O
",
"Jotaro	PERSON
",
".	O
",
"
",
"Provided	O
",
"by	O
",
":	O
",
"Fandom	O
",
"{	O
",
"""	O
",
"@context	O
",
"""	O
",
":	O
",
"""	O
",
"https	O
",
":\	O
",
"/	O
",
"\	O
",
"/	O
",
"schema.org	O
",
"""	O
",
",	O
",
"""	O
",
"@type	O
",
"""	O
",
":	O
",
"""	O
",
"FAQPage	O
",
"""	O
",
",	O
",
"""	O
",
"name	O
",
"""	O
",
":	O
",
"""	O
",
"Jotaro	PERSON
",
"Kujo	PERSON
",
"""	O
",
",	O
",
"""	O
",
"mainEntity	O
",
"""	O
",
":	O
",
"}	O
",
"
",
